<?xml version="1.0" encoding="UTF-8" ?>
 <!DOCTYPE configuration PUBLIC "-//mybatis.org//DTD Config 3.0//EN"
 "http://mybatis.org/dtd/mybatis-3-config.dtd">
 <configuration>
  <properties resource="common/config/db.properties" />
  <!-- 별칭지정=========================================================== -->
  <typeAliases>
  <typeAlias type="board.model.BoardVO" alias="Board"/>
  <typeAlias type="board.model.ReplyVO" alias="Reply"/>
  </typeAliases>
  <environments default="development">
   <environment id="development">
    <transactionManager type="JDBC" />
    <dataSource type="POOLED">
     <property name="driver" value="${driver}" />
     <property name="url" value="${url}" />
     <property name="username" value="${username}" />
     <property name="password" value="${password}" />
    </dataSource>
   </environment>
  </environments>
  <mappers>
  <!-- ================================================================= -->
   <mapper resource="board/model/BoardMapper.xml" />
  <!-- ================================================================= -->
  </mappers>
 </configuration>